nombre_original,ubicacion_nueva
BERENJENAPENS.svg,personajes/berenjena/poses/berenjena-pensativa.svg
ITASO.svg,marca/logotipos/itaso-principal.svg
ITASOR.svg,marca/logotipos/itaso-alternativo.svg
Mesa de trabajo 16.svg,referencias/exportaciones/mesa-de-trabajo-16.svg
Mesa de trabajo 7.svg,referencias/exportaciones/mesa-de-trabajo-07.svg
PALETADECOLORcolor.jpg,marca/color/paleta-de-color.jpg
README.txt,documentacion/brief-original.txt
Vector.svg,referencias/exportaciones/vector-177x92.svg
actfisica.svg,iconos/categorias/actividad-fisica.svg
alimentos.svg,iconos/categorias/alimentos.svg
azucarbeb.svg,iconos/categorias/azucar-bebidas.svg
azucaricon.svg,iconos/categorias/azucar.svg
bebidas/agua.svg,contenido/bebidas/agua.svg
bebidas/arizona.svg,contenido/bebidas/arizona.svg
bebidas/coca.svg,contenido/bebidas/coca.svg
bebidas/delaware.svg,contenido/bebidas/delaware.svg
bebidas/fanta.svg,contenido/bebidas/fanta.svg
bebidas/fresca.svg,contenido/bebidas/fresca.svg
bebidas/fuzetea.svg,contenido/bebidas/fuzetea.svg
bebidas/gatorade.svg,contenido/bebidas/gatorade.svg
bebidas/leche.svg,contenido/bebidas/leche.svg
bebidas/manzanita.svg,contenido/bebidas/manzanita.svg
bebidas/pepsi.svg,contenido/bebidas/pepsi.svg
bebidas/redbull.svg,contenido/bebidas/redbull.svg
bebidas/sprite.svg,contenido/bebidas/sprite.svg
bebidas/yakult.svg,contenido/bebidas/yakult.svg
bebidas/yogurtfresa.svg,contenido/bebidas/yogurtfresa.svg
berenejena1.svg,personajes/berenjena/formas/berenjena-01.svg
berenjena formas.svg,personajes/berenjena/exploraciones/berenjena-formas.svg
berenjena2.svg,personajes/berenjena/formas/berenjena-02.svg
berenjena3.svg,personajes/berenjena/formas/berenjena-03.svg
brocoli.png,contenido/alimentos/brocoli.png
candabierto.svg,iconos/interfaz/candado-abierto.svg
candcerrado.svg,iconos/interfaz/candado-cerrado.svg
carne.png,contenido/alimentos/carne.png
cocavsyakult.svg,secciones/juegos/ilustraciones/coca-vs-yakult.svg
comparte 1.svg,secciones/compartir/variantes/comparte-01.svg
comparte 2.svg,secciones/compartir/variantes/comparte-02.svg
comparte.svg,iconos/acciones/comparte.svg
comparte2.svg,archivo/duplicados/comparte2-duplicado-de-tarjeta-compartir.svg
compartetarjeta.svg,componentes/tarjetas/tarjeta-compartir.svg
compartir.svg,iconos/acciones/compartir.svg
compas.svg,iconos/interfaz/brujula.svg
descubre 1.svg,secciones/compartir/variantes/descubre-01.svg
descubre 2.svg,secciones/compartir/variantes/descubre-02.svg
educacion.svg,iconos/categorias/educacion.svg
empaqueicon.svg,iconos/categorias/empaque.svg
empaques.svg,iconos/categorias/empaques.svg
expresiones.PNG,personajes/recursos/expresiones-referencia.png
expresiones.svg,personajes/recursos/expresiones.svg
fondoberenjena.svg,personajes/berenjena/fondos/fondo-berenjena.svg
forma_tomate_ancho.PNG,referencias/exploraciones/forma-tomate-ancho.png
forma_tomate_largo.PNG,referencias/exploraciones/forma-tomate-largo.png
forma_tomate_normal.PNG,referencias/exploraciones/forma-tomate-normal.png
formacosas.svg,componentes/decoracion/formas-01.svg
formacosas2.svg,componentes/decoracion/formas-02.svg
fresa.png,contenido/alimentos/fresa.png
fresa1.svg,personajes/fresa/formas/fresa-01.svg
fresa2.svg,personajes/fresa/formas/fresa-02.svg
fresa3.svg,personajes/fresa/formas/fresa-03.svg
globotexto.svg,secciones/inicio/globo-de-texto.svg
hidratacion.svg,iconos/categorias/hidratacion.svg
huevo.png,contenido/alimentos/huevo.png
introjuego1.svg,secciones/juegos/instrucciones/introduccion-cual-tiene-mas.svg
intromemorama.svg,secciones/juegos/instrucciones/introduccion-memorama.svg
juega 1.svg,secciones/compartir/variantes/juega-01.svg
juega 2.svg,secciones/compartir/variantes/juega-02.svg
juega2.svg,archivo/duplicados/juega2-duplicado-de-tarjeta-juego.svg
juegapieza.svg,iconos/interfaz/pieza-rompecabezas.svg
juegatarjeta.svg,componentes/tarjetas/tarjeta-juego.svg
juegos.svg,secciones/juegos/ilustraciones/juegos.svg
logros.svg,iconos/secciones/logros.svg
manzana.png,contenido/alimentos/manzana.png
misiones.svg,iconos/secciones/misiones.svg
moodboard1.png,referencias/moodboards/moodboard-01.png
moodboard2.png,referencias/moodboards/moodboard-02.png
moverte.svg,iconos/categorias/moverte.svg
naranja.png,contenido/alimentos/naranja.png
naranja.svg,personajes/naranja/base/naranja.svg
naranja1.svg,personajes/naranja/formas/naranja-01.svg
naranja2.svg,personajes/naranja/formas/naranja-02.svg
naranjadetective.svg,personajes/naranja/poses/naranja-detective.svg
naranjafeliz.svg,personajes/naranja/poses/naranja-feliz.svg
narnaja formas.svg,personajes/naranja/exploraciones/naranja-formas.svg
narnaja3.svg,personajes/naranja/formas/naranja-03.svg
nutricion.svg,iconos/categorias/nutricion.svg
observa.svg,iconos/categorias/observa.svg
pan.png,contenido/alimentos/pan.png
pepino.png,contenido/alimentos/pepino.png
pera.png,contenido/alimentos/pera.png
pescado.png,contenido/alimentos/pescado.png
piña.png,contenido/alimentos/pina.png
platano.png,contenido/alimentos/platano.png
pleca.svg,secciones/inicio/franja-inferior.svg
pollo.png,contenido/alimentos/pollo.png
recurso1.PNG,secciones/recursos/ilustraciones/recurso-01.png
recurso2.PNG,secciones/recursos/ilustraciones/recurso-02.png
recurso2.svg,archivo/duplicados/recurso2-duplicado-de-tarjeta-recurso.svg
recursos.svg,secciones/recursos/ilustraciones/recursos.svg
recursostarjeta.svg,componentes/tarjetas/tarjeta-recurso.svg
sandia.png,contenido/alimentos/sandia.png
sellosadv.svg,iconos/categorias/sellos-advertencia.svg
sellosadvertencia/azucares.svg,contenido/sellos-advertencia/azucares.svg
sellosadvertencia/cafeína.svg,contenido/sellos-advertencia/cafeina.svg
sellosadvertencia/calorias.svg,contenido/sellos-advertencia/calorias.svg
sellosadvertencia/edulcorantes.svg,contenido/sellos-advertencia/edulcorantes.svg
sellosadvertencia/grasas sat.svg,contenido/sellos-advertencia/grasas-saturadas.svg
sellosadvertencia/grasas trans.svg,contenido/sellos-advertencia/grasas-trans.svg
sellosadvertencia/sodio.svg,contenido/sellos-advertencia/sodio.svg
sellosicon.svg,iconos/categorias/sellos.svg
sorpresa.svg,iconos/interfaz/sorpresa.svg
tarjetamemorama.svg,secciones/juegos/ilustraciones/tarjeta-memorama.svg
texto1.svg,componentes/textos/texto-01.svg
texto2.svg,componentes/textos/texto-02.svg
texto3.svg,componentes/textos/texto-03.svg
textocompa1.svg,secciones/compartir/textos/texto-compartir-01.svg
textocompa2.svg,secciones/compartir/textos/texto-compartir-02.svg
tomate formas.svg,personajes/tomate/exploraciones/tomate-formas.svg
tomate.png,contenido/alimentos/tomate.png
tomate.svg,personajes/tomate/base/tomate.svg
tomate1.svg,personajes/tomate/formas/tomate-01.svg
tomate2.svg,personajes/tomate/formas/tomate-02.svg
tomatecorriendo.svg,personajes/tomate/poses/tomate-corriendo.svg
tomatedesc.svg,personajes/tomate/poses/tomate-descubriendo.svg
tomatee.svg,personajes/tomate/poses/tomate-grande.svg
tomateejercicio.svg,personajes/tomate/poses/tomate-ejercicio.svg
tomateinicio.svg,personajes/tomate/poses/tomate-inicio.svg
tomatesaltando.svg,personajes/tomate/poses/tomate-saltando.svg
uvas.png,contenido/alimentos/uvas.png
zanahoria formas.svg,personajes/zanahoria/exploraciones/zanahoria-formas.svg
zanahoria.png,contenido/alimentos/zanahoria.png
zanahoria.svg,personajes/zanahoria/base/zanahoria.svg
zanahoria1.svg,personajes/zanahoria/formas/zanahoria-01.svg
zanahoria2.svg,personajes/zanahoria/formas/zanahoria-02.svg
zanahoria3.svg,personajes/zanahoria/formas/zanahoria-03.svg
zanahoriarelax.svg,personajes/zanahoria/poses/zanahoria-relajada.svg
¡Tú decides cómo me veo!.svg,secciones/inicio/mensaje-personalizacion.svg
